ResidueName,AtomName,Hybridization,NHeavyNeighbors,HNames,IsBackbone,IsHydrophobe,IsHDonor,IsWeakHDonor,IsHAcceptor,IsPositive,IsNegative,IsAromatic
ALA,C,SP2,3,,1,0,0,0,0,0,0,0
ALA,CA,SP3,3,HA,1,0,0,1,0,0,0,0
ALA,CB,SP3,1,HB1|HB2|HB3,0,1,0,1,0,0,0,0
ALA,N,SP2,2,H,1,0,1,0,0,0,0,0
ALA,O,SP2,1,,1,0,0,0,1,0,0,0
ALA,OXT,SP2,1,,1,0,0,0,1,0,1,0
ARG,C,SP2,3,,1,0,0,0,0,0,0,0
ARG,CA,SP3,3,HA,1,0,0,1,0,0,0,0
ARG,CB,SP3,2,HB1|HB2,0,1,0,1,0,0,0,0
ARG,CD,SP3,2,HD1|HD2,0,0,0,1,0,0,0,0
ARG,CG,SP3,2,HG1|HG2,0,1,0,1,0,0,0,0
ARG,CZ,SP2,3,,0,0,0,0,0,0,0,0
ARG,N,SP2,2,H,1,0,1,0,0,0,0,0
ARG,NE,SP2,2,HE,0,0,1,0,0,1,0,0
ARG,NH1,SP2,1,HH1|HH12,0,0,1,0,0,1,0,0
ARG,NH2,SP2,1,HH21|HH22,0,0,1,0,0,1,0,0
ARG,O,SP2,1,,1,0,0,0,1,0,0,0
ARG,OXT,SP2,1,,1,0,0,0,1,0,1,0
ASN,C,SP2,3,,1,0,0,0,0,0,0,0
ASN,CA,SP3,3,HA,1,0,0,1,0,0,0,0
ASN,CB,SP3,2,HB1|HB2,0,1,0,1,0,0,0,0
ASN,CG,SP2,3,,0,0,0,0,0,0,0,0
ASN,N,SP2,2,H,1,0,1,0,0,0,0,0
ASN,ND2,SP2,1,HD21|HD22,0,0,1,0,0,0,0,0
ASN,O,SP2,1,,1,0,0,0,1,0,0,0
ASN,OD1,SP2,1,,0,0,0,0,1,0,0,0
ASN,OXT,SP2,1,,1,0,0,0,1,0,1,0
ASP,C,SP2,3,,1,0,0,0,0,0,0,0
ASP,CA,SP3,3,HA,1,0,0,1,0,0,0,0
ASP,CB,SP3,2,HB1|HB2,0,1,0,1,0,0,0,0
ASP,CG,SP2,3,,0,0,0,0,0,0,0,0
ASP,N,SP2,2,H,1,0,1,0,0,0,0,0
ASP,O,SP2,1,,1,0,0,0,1,0,0,0
ASP,OD1,SP2,1,,0,0,0,0,1,0,1,0
ASP,OD2,SP2,1,,0,0,0,0,1,0,1,0
ASP,OXT,SP2,1,,1,0,0,0,1,0,1,0
CYS,C,SP2,3,,1,0,0,0,0,0,0,0
CYS,CA,SP3,3,HA,1,0,0,1,0,0,0,0
CYS,CB,SP3,2,HB1|HB2,0,1,0,1,0,0,0,0
CYS,N,SP2,2,H,1,0,1,0,0,0,0,0
CYS,O,SP2,1,,1,0,0,0,1,0,0,0
CYS,OXT,SP2,1,,1,0,0,0,1,0,1,0
CYS,SG,SP3,1,HG,0,0,0,1,0,0,0,0
GLN,C,SP2,3,,1,0,0,0,0,0,0,0
GLN,CA,SP3,3,HA,1,0,0,1,0,0,0,0
GLN,CB,SP3,2,HB1|HB2,0,1,0,1,0,0,0,0
GLN,CD,SP2,3,,0,0,0,0,0,0,0,0
GLN,CG,SP3,2,HG1|HG2,0,1,0,1,0,0,0,0
GLN,N,SP2,2,H,1,0,1,0,0,0,0,0
GLN,NE2,SP2,1,HE21|HE22,0,0,1,0,0,0,0,0
GLN,O,SP2,1,,1,0,0,0,1,0,0,0
GLN,OE1,SP2,1,,0,0,0,0,1,0,0,0
GLN,OXT,SP2,1,,1,0,0,0,1,0,1,0
GLU,C,SP2,3,,1,0,0,0,0,0,0,0
GLU,CA,SP3,3,HA,1,0,0,1,0,0,0,0
GLU,CB,SP3,2,HB1|HB2,0,1,0,1,0,0,0,0
GLU,CD,SP2,3,,0,0,0,0,0,0,0,0
GLU,CG,SP3,2,HG1|HG2,0,1,0,1,0,0,0,0
GLU,N,SP2,2,H,1,0,1,0,0,0,0,0
GLU,O,SP2,1,,1,0,0,0,1,0,0,0
GLU,OE1,SP2,1,,0,0,0,0,1,0,1,0
GLU,OE2,SP2,1,,0,0,0,0,1,0,1,0
GLU,OXT,SP2,1,,1,0,0,0,1,0,1,0
GLY,C,SP2,3,,1,0,0,0,0,0,0,0
GLY,CA,SP3,2,HA1|HA2,1,0,0,1,0,0,0,0
GLY,N,SP2,2,H,1,0,1,0,0,0,0,0
GLY,O,SP2,1,,1,0,0,0,1,0,0,0
GLY,OXT,SP2,1,,1,0,0,0,1,0,1,0
HIS,C,SP2,3,,1,0,0,0,0,0,0,0
HIS,CA,SP3,3,HA,1,0,0,1,0,0,0,0
HIS,CB,SP3,2,HB1|HB2,0,1,0,1,0,0,0,0
HIS,CD2,SP2,2,HD2,0,0,0,0,0,0,0,1
HIS,CE1,SP2,2,HE1,0,0,0,0,0,0,0,1
HIS,CG,SP2,3,,0,0,0,0,0,0,0,1
HIS,N,SP2,2,H,1,0,1,0,0,0,0,0
HIS,ND1,SP2,2,HD1,0,0,1,0,1,1,0,1
HIS,NE2,SP2,2,HE2,0,0,1,0,1,1,0,1
HIS,O,SP2,1,,1,0,0,0,1,0,0,0
HIS,OXT,SP2,1,,1,0,0,0,1,0,1,0
ILE,C,SP2,3,,1,0,0,0,0,0,0,0
ILE,CA,SP3,3,HA,1,0,0,1,0,0,0,0
ILE,CB,SP3,3,HB,0,1,0,1,0,0,0,0
ILE,CD1,SP3,1,HD11|HD12|HD13,0,1,0,1,0,0,0,0
ILE,CG1,SP3,2,HG11|HG12,0,1,0,1,0,0,0,0
ILE,CG2,SP3,1,HG21|HG22|HG23,0,1,0,1,0,0,0,0
ILE,N,SP2,2,H,1,0,1,0,0,0,0,0
ILE,O,SP2,1,,1,0,0,0,1,0,0,0
ILE,OXT,SP2,1,,1,0,0,0,1,0,1,0
LEU,C,SP2,3,,1,0,0,0,0,0,0,0
LEU,CA,SP3,3,HA,1,0,0,1,0,0,0,0
LEU,CB,SP3,2,HB1|HB2,0,1,0,1,0,0,0,0
LEU,CD1,SP3,1,HD11|HD12|HD13,0,1,0,1,0,0,0,0
LEU,CD2,SP3,1,HD21|HD22|HD23,0,1,0,1,0,0,0,0
LEU,CG,SP3,3,HG,0,1,0,1,0,0,0,0
LEU,N,SP2,2,H,1,0,1,0,0,0,0,0
LEU,O,SP2,1,,1,0,0,0,1,0,0,0
LEU,OXT,SP2,1,,1,0,0,0,1,0,1,0
LYS,C,SP2,3,,1,0,0,0,0,0,0,0
LYS,CA,SP3,3,HA,1,0,0,1,0,0,0,0
LYS,CB,SP3,2,HB1|HB2,0,1,0,1,0,0,0,0
LYS,CD,SP3,2,HD1|HD2,0,1,0,1,0,0,0,0
LYS,CE,SP3,2,HE1|HE2,0,0,0,1,0,0,0,0
LYS,CG,SP3,2,HG1|HG2,0,1,0,1,0,0,0,0
LYS,N,SP2,2,H,1,0,1,0,0,0,0,0
LYS,NZ,SP3,1,HZ1|HZ2|HZ3,0,0,1,0,0,1,0,0
LYS,O,SP2,1,,1,0,0,0,1,0,0,0
LYS,OXT,SP2,1,,1,0,0,0,1,0,1,0
MET,C,SP2,3,,1,0,0,0,0,0,0,0
MET,CA,SP3,3,HA,1,0,0,1,0,0,0,0
MET,CB,SP3,2,HB1|HB2,0,1,0,1,0,0,0,0
MET,CE,SP3,1,HE1|HE2|HE3,0,1,0,1,0,0,0,0
MET,CG,SP3,2,HG1|HG2,0,1,0,1,0,0,0,0
MET,N,SP2,2,H,1,0,1,0,0,0,0,0
MET,O,SP2,1,,1,0,0,0,1,0,0,0
MET,OXT,SP2,1,,1,0,0,0,1,0,1,0
MET,SD,SP3,2,,0,1,0,0,0,0,0,0
PHE,C,SP2,3,,1,0,0,0,0,0,0,0
PHE,CA,SP3,3,HA,1,0,0,1,0,0,0,0
PHE,CB,SP3,2,HB1|HB2,0,1,0,1,0,0,0,0
PHE,CD1,SP2,2,HD1,0,1,0,1,0,0,0,1
PHE,CD2,SP2,2,HD2,0,1,0,1,0,0,0,1
PHE,CE1,SP2,2,HE1,0,1,0,1,0,0,0,1
PHE,CE2,SP2,2,HE2,0,1,0,1,0,0,0,1
PHE,CG,SP2,3,,0,1,0,0,0,0,0,1
PHE,CZ,SP2,2,HZ,0,1,0,1,0,0,0,1
PHE,N,SP2,2,H,1,0,1,0,0,0,0,0
PHE,O,SP2,1,,1,0,0,0,1,0,0,0
PHE,OXT,SP2,1,,1,0,0,0,1,0,1,0
PRO,C,SP2,3,,1,0,0,0,0,0,0,0
PRO,CA,SP3,3,HA,1,0,0,1,0,0,0,0
PRO,CB,SP3,2,HB1|HB2,0,1,0,1,0,0,0,0
PRO,CD,SP3,2,HD1|HD2,0,0,0,1,0,0,0,0
PRO,CG,SP3,2,HG1|HG2,0,1,0,1,0,0,0,0
PRO,N,SP2,3,,1,0,0,0,0,0,0,0
PRO,O,SP2,1,,1,0,0,0,1,0,0,0
PRO,OXT,SP2,1,,1,0,0,0,1,0,1,0
SER,C,SP2,3,,1,0,0,0,0,0,0,0
SER,CA,SP3,3,HA,1,0,0,1,0,0,0,0
SER,CB,SP3,2,HB1|HB2,0,0,0,1,0,0,0,0
SER,N,SP2,2,H,1,0,1,0,0,0,0,0
SER,O,SP2,1,,1,0,0,0,1,0,0,0
SER,OG,SP3,1,HG,0,0,1,0,1,0,0,0
SER,OXT,SP2,1,,1,0,0,0,1,0,1,0
THR,C,SP2,3,,1,0,0,0,0,0,0,0
THR,CA,SP3,3,HA,1,0,0,1,0,0,0,0
THR,CB,SP3,3,HB,0,0,0,1,0,0,0,0
THR,CG2,SP3,1,HG21|HG22|HG23,0,1,0,1,0,0,0,0
THR,N,SP2,2,H,1,0,1,0,0,0,0,0
THR,O,SP2,1,,1,0,0,0,1,0,0,0
THR,OG1,SP3,1,HG1,0,0,1,0,1,0,0,0
THR,OXT,SP2,1,,1,0,0,0,1,0,1,0
TRP,C,SP2,3,,1,0,0,0,0,0,0,0
TRP,CA,SP3,3,HA,1,0,0,1,0,0,0,0
TRP,CB,SP3,2,HB1|HB2,0,1,0,1,0,0,0,0
TRP,CD1,SP2,2,HD1,0,0,0,1,0,0,0,1
TRP,CD2,SP2,3,,0,1,0,0,0,0,0,1
TRP,CE2,SP2,3,,0,0,0,0,0,0,0,1
TRP,CE3,SP2,2,HE3,0,1,0,1,0,0,0,1
TRP,CG,SP2,3,,0,1,0,0,0,0,0,1
TRP,CH2,SP2,2,HH2,0,1,0,1,0,0,0,1
TRP,CZ2,SP2,2,HZ2,0,1,0,1,0,0,0,1
TRP,CZ3,SP2,2,HZ3,0,1,0,1,0,0,0,1
TRP,N,SP2,2,H,1,0,1,0,0,0,0,0
TRP,NE1,SP2,2,HE1,0,0,1,0,0,0,0,1
TRP,O,SP2,1,,1,0,0,0,1,0,0,0
TRP,OXT,SP2,1,,1,0,0,0,1,0,1,0
TYR,C,SP2,3,,1,0,0,0,0,0,0,0
TYR,CA,SP3,3,HA,1,0,0,1,0,0,0,0
TYR,CB,SP3,2,HB1|HB2,0,1,0,1,0,0,0,0
TYR,CD1,SP2,2,HD1,0,1,0,1,0,0,0,1
TYR,CD2,SP2,2,HD2,0,1,0,1,0,0,0,1
TYR,CE1,SP2,2,HE1,0,1,0,1,0,0,0,1
TYR,CE2,SP2,2,HE2,0,1,0,1,0,0,0,1
TYR,CG,SP2,3,,0,1,0,0,0,0,0,1
TYR,CZ,SP2,3,,0,0,0,0,0,0,0,1
TYR,N,SP2,2,H,1,0,1,0,0,0,0,0
TYR,O,SP2,1,,1,0,0,0,1,0,0,0
TYR,OH,SP2,1,HH,0,0,1,0,1,0,0,0
TYR,OXT,SP2,1,,1,0,0,0,1,0,1,0
VAL,C,SP2,3,,1,0,0,0,0,0,0,0
VAL,CA,SP3,3,HA,1,0,0,1,0,0,0,0
VAL,CB,SP3,3,HB,0,1,0,1,0,0,0,0
VAL,CG1,SP3,1,HG11|HG12|HG13,0,1,0,1,0,0,0,0
VAL,CG2,SP3,1,HG21|HG22|HG23,0,1,0,1,0,0,0,0
VAL,N,SP2,2,H,1,0,1,0,0,0,0,0
VAL,O,SP2,1,,1,0,0,0,1,0,0,0
VAL,OXT,SP2,1,,1,0,0,0,1,0,1,0